stair.thisTrialN,stair.stepSize,stair.intensity,thisRow.t,notes,intro.started,text.started,key_resp_2.started,intro.stopped,key_resp_2.keys,key_resp_2.rt,key_resp_2.duration,trial.started,polygon.started,polygon.stopped,grating.started,key_resp.started,grating.stopped,trial.stopped,corrAns,tilt,key_resp.corr,stair.response,key_resp.rt,thanks.started,text_2.started,text_2.stopped,thanks.stopped,participant,session,date,expName,psychopyVersion,frameRate,expStart,
,,,,,0.0016548000276088715,0.0041380999609827995,0.0041380999609827995,1.8420552001334727,space,1.8241695000324398,None,,,,,,,,,,,,,,,,,01_ss,001,2025-09-04_22h51.27.171,adaptive_staircase,2024.2.4,59.9523618953013,2025-09-04 22h51.36.601911 +0530,
0,2,10.0,1.855487999971956,,,,,,,,,1.8422111000400037,1.855487999971956,2.355829000007361,2.355829000007361,2.355829000007361,2.65565920015797,2.7563822001684457,left,-10.0,1,1,0.3887084999587387,,,,,01_ss,001,2025-09-04_22h51.27.171,adaptive_staircase,2024.2.4,59.9523618953013,2025-09-04 22h51.36.601911 +0530,
1,2,8.0,2.7720101000741124,,,,,,,,,2.7566621000878513,2.7720101000741124,3.2721755001693964,3.255458700004965,3.255458700004965,3.5553556999657303,3.689757199957967,left,-8.0,1,1,0.42284710006788373,,,,,01_ss,001,2025-09-04_22h51.27.171,adaptive_staircase,2024.2.4,59.9523618953013,2025-09-04 22h51.36.601911 +0530,
2,2,6.0,3.705648500006646,,,,,,,,,3.6899654001463205,3.705648500006646,4.205832300009206,4.189456100109965,4.189456100109965,4.489048500079662,4.63947489997372,right,6.0,1,1,0.43562400015071034,,,,,01_ss,001,2025-09-04_22h51.27.171,adaptive_staircase,2024.2.4,59.9523618953013,2025-09-04 22h51.36.601911 +0530,
3,2,4.0,4.6557237999513745,,,,,,,,,4.639601900009438,4.6557237999513745,5.15591420000419,5.139397900085896,5.139397900085896,5.4389190000947565,5.6228510001674294,left,-4.0,1,1,0.4694805000908673,,,,,01_ss,001,2025-09-04_22h51.27.171,adaptive_staircase,2024.2.4,59.9523618953013,2025-09-04 22h51.36.601911 +0530,
4,2,2.0,5.638849799986929,,,,,,,,,5.622979399980977,5.638849799986929,6.13883229997009,6.122577199945226,6.122577199945226,6.422374499961734,6.557628400158137,left,-2.0,1,1,0.4216818001586944,,,,,01_ss,001,2025-09-04_22h51.27.171,adaptive_staircase,2024.2.4,59.9523618953013,2025-09-04 22h51.36.601911 +0530,
5,2,1.0,6.575088200159371,,,,,,,,,6.557793000014499,6.575088200159371,7.089344999985769,7.0722489999607205,7.0722489999607205,7.372122700093314,7.706750200130045,right,1.0,1,1,0.6269149999134243,,,,,01_ss,001,2025-09-04_22h51.27.171,adaptive_staircase,2024.2.4,59.9523618953013,2025-09-04 22h51.36.601911 +0530,
6,2,1.0,7.722257300047204,,,,,,,,,7.706873000133783,7.722257300047204,8.22215100005269,8.22215100005269,8.22215100005269,8.522434600163251,8.67331220000051,left,-1.0,1,1,0.4446671998593956,,,,,01_ss,001,2025-09-04_22h51.27.171,adaptive_staircase,2024.2.4,59.9523618953013,2025-09-04 22h51.36.601911 +0530,
7,2,1.0,8.68901430000551,,,,,,,,,8.673506200080737,8.68901430000551,9.189167200122029,9.189167200122029,9.189167200122029,9.48902970016934,9.806540900142863,right,1.0,1,1,0.6131444000639021,,,,,01_ss,001,2025-09-04_22h51.27.171,adaptive_staircase,2024.2.4,59.9523618953013,2025-09-04 22h51.36.601911 +0530,
8,2,1.0,9.822014200035483,,,,,,,,,9.806729699950665,9.822014200035483,10.32229209993966,10.305949100060388,10.305949100060388,10.605795900104567,10.806560799945146,left,-1.0,1,1,0.4904625001363456,,,,,01_ss,001,2025-09-04_22h51.27.171,adaptive_staircase,2024.2.4,59.9523618953013,2025-09-04 22h51.36.601911 +0530,
9,2,1.0,10.822346600005403,,,,,,,,,10.806749700102955,10.822346600005403,11.32224480016157,11.306087400065735,11.306087400065735,11.60553040006198,11.839627800043672,left,-1.0,1,1,0.5184480000752956,,,,,01_ss,001,2025-09-04_22h51.27.171,adaptive_staircase,2024.2.4,59.9523618953013,2025-09-04 22h51.36.601911 +0530,
10,1,1.0,11.855597000103444,,,,,,,,,11.839756600093096,11.855597000103444,12.355920600006357,12.33912290004082,12.33912290004082,12.63894350011833,12.90657540014945,right,1.0,0,0,0.5621158999856561,,,,,01_ss,001,2025-09-04_22h51.27.171,adaptive_staircase,2024.2.4,59.9523618953013,2025-09-04 22h51.36.601911 +0530,
11,1,2.0,12.922318099997938,,,,,,,,,12.90676790010184,12.922318099997938,13.422062900150195,13.422062900150195,13.422062900150195,13.722259999951348,13.856245200149715,right,2.0,0,0,0.4196174000389874,,,,,01_ss,001,2025-09-04_22h51.27.171,adaptive_staircase,2024.2.4,59.9523618953013,2025-09-04 22h51.36.601911 +0530,
12,1,3.0,13.87232349999249,,,,,,,,,13.856441200012341,13.87232349999249,14.372616700129583,14.3556900001131,14.3556900001131,14.655703100143,14.839837400009856,left,-3.0,1,1,0.47365699987858534,,,,,01_ss,001,2025-09-04_22h51.27.171,adaptive_staircase,2024.2.4,59.9523618953013,2025-09-04 22h51.36.601911 +0530,
13,1,3.0,14.855365700088441,,,,,,,,,14.840030699968338,14.855365700088441,15.355616400018334,15.339237699983642,15.339237699983642,15.639130200026557,15.722886000061408,right,3.0,1,1,0.37091649998910725,,,,,01_ss,001,2025-09-04_22h51.27.171,adaptive_staircase,2024.2.4,59.9523618953013,2025-09-04 22h51.36.601911 +0530,
14,1,3.0,15.739052599994466,,,,,,,,,15.722997999982908,15.739052599994466,16.239936399972066,16.2221991000697,16.2221991000697,16.52242220006883,16.73907839995809,right,3.0,1,1,0.5056753000244498,,,,,01_ss,001,2025-09-04_22h51.27.171,adaptive_staircase,2024.2.4,59.9523618953013,2025-09-04 22h51.36.601911 +0530,
15,1,2.0,16.75547070009634,,,,,,,,,16.739198500057682,16.75547070009634,17.255564900115132,17.238999200053513,17.238999200053513,17.538884400157258,17.789468999952078,right,2.0,1,1,0.538539299974218,,,,,01_ss,001,2025-09-04_22h51.27.171,adaptive_staircase,2024.2.4,59.9523618953013,2025-09-04 22h51.36.601911 +0530,
16,1,2.0,17.80538980010897,,,,,,,,,17.789588100044057,17.80538980010897,18.305926800007,18.288990000030026,18.288990000030026,18.58918910007924,18.82322070002556,right,2.0,1,1,0.521413000067696,,,,,01_ss,001,2025-09-04_22h51.27.171,adaptive_staircase,2024.2.4,59.9523618953013,2025-09-04 22h51.36.601911 +0530,
17,1,2.0,18.83893180009909,,,,,,,,,18.823391400044784,18.83893180009909,19.339111200068146,19.339111200068146,19.339111200068146,19.639037000015378,19.88947149994783,right,2.0,1,1,0.5339442999102175,,,,,01_ss,001,2025-09-04_22h51.27.171,adaptive_staircase,2024.2.4,59.9523618953013,2025-09-04 22h51.36.601911 +0530,
18,1,1.0,19.905445200158283,,,,,,,,,19.88969420013018,19.905445200158283,20.405498600099236,20.389325099997222,20.389325099997222,20.68864469998516,20.83978070016019,left,-1.0,1,1,0.44701589993201196,,,,,01_ss,001,2025-09-04_22h51.27.171,adaptive_staircase,2024.2.4,59.9523618953013,2025-09-04 22h51.36.601911 +0530,
19,0.5,1.0,20.855643599992618,,,,,,,,,20.83995610009879,20.855643599992618,21.355545100057498,21.33909499994479,21.33909499994479,21.63894600002095,21.92316860007122,right,1.0,0,0,0.5795485998969525,,,,,01_ss,001,2025-09-04_22h51.27.171,adaptive_staircase,2024.2.4,59.9523618953013,2025-09-04 22h51.36.601911 +0530,
20,0.5,1.5,21.9388868000824,,,,,,,,,21.923368100076914,21.9388868000824,22.439200000138953,22.439200000138953,22.439200000138953,22.738995400024578,22.873194799991325,left,-1.5,1,1,0.4248358001932502,,,,,01_ss,001,2025-09-04_22h51.27.171,adaptive_staircase,2024.2.4,59.9523618953013,2025-09-04 22h51.36.601911 +0530,
21,0.5,1.5,22.88934680004604,,,,,,,,,22.873343100072816,22.88934680004604,23.389309900114313,23.37216030014679,23.37216030014679,23.67229300015606,23.839656200027093,left,-1.5,1,1,0.4577572999987751,,,,,01_ss,001,2025-09-04_22h51.27.171,adaptive_staircase,2024.2.4,59.9523618953013,2025-09-04 22h51.36.601911 +0530,
22,0.5,1.5,23.85551130003296,,,,,,,,,23.839850699994713,23.85551130003296,24.355616100132465,24.339290300151333,24.339290300151333,24.63902260013856,24.823297300143167,right,1.5,0,0,0.4726227999199182,,,,,01_ss,001,2025-09-04_22h51.27.171,adaptive_staircase,2024.2.4,59.9523618953013,2025-09-04 22h51.36.601911 +0530,
23,0.5,2.0,24.83898610016331,,,,,,,,,24.82350940001197,24.83898610016331,25.33925630012527,25.322596500162035,25.322596500162035,25.62250449997373,25.806519200094044,left,-2.0,1,1,0.4815722000785172,,,,,01_ss,001,2025-09-04_22h51.27.171,adaptive_staircase,2024.2.4,59.9523618953013,2025-09-04 22h51.36.601911 +0530,
24,0.5,2.0,25.822184100048617,,,,,,,,,25.806747700087726,25.822184100048617,26.322328000096604,26.322328000096604,26.322328000096604,26.6220186999999,26.72293379995972,left,-2.0,0,0,0.39385390002280474,,,,,01_ss,001,2025-09-04_22h51.27.171,adaptive_staircase,2024.2.4,59.9523618953013,2025-09-04 22h51.36.601911 +0530,
25,0.5,2.5,26.739453400019556,,,,,,,,,26.72305539995432,26.739453400019556,27.23969620000571,27.22255800012499,27.22255800012499,27.522290100110695,27.856489700032398,left,-2.5,1,1,0.6218960999976844,,,,,01_ss,001,2025-09-04_22h51.27.171,adaptive_staircase,2024.2.4,59.9523618953013,2025-09-04 22h51.36.601911 +0530,
26,0.5,2.5,27.872223200043663,,,,,,,,,27.856747400015593,27.872223200043663,28.37230319995433,28.35590280010365,28.35590280010365,28.65541850007139,28.95666730008088,right,2.5,1,1,0.5931497998535633,,,,,01_ss,001,2025-09-04_22h51.27.171,adaptive_staircase,2024.2.4,59.9523618953013,2025-09-04 22h51.36.601911 +0530,
27,0.5,2.5,28.972603800008073,,,,,,,,,28.956888400018215,28.972603800008073,29.47251070011407,29.47251070011407,29.47251070011407,29.772362899966538,30.03953710012138,left,-2.5,1,1,0.554537600139156,,,,,01_ss,001,2025-09-04_22h51.27.171,adaptive_staircase,2024.2.4,59.9523618953013,2025-09-04 22h51.36.601911 +0530,
28,0.5,2.0,30.05562590016052,,,,,,,,,30.0397034001071,30.05562590016052,30.555760300019756,30.53883199999109,30.53883199999109,30.83864239999093,31.139719299972057,right,2.0,1,1,0.5961872001644224,,,,,01_ss,001,2025-09-04_22h51.27.171,adaptive_staircase,2024.2.4,59.9523618953013,2025-09-04 22h51.36.601911 +0530,
29,0.5,2.0,31.15560350008309,,,,,,,,,31.139845700003207,31.15560350008309,31.65591760003008,31.639044699957594,31.639044699957594,31.938999900128692,32.15744880004786,left,-2.0,1,1,0.5003325999714434,,,,,01_ss,001,2025-09-04_22h51.27.171,adaptive_staircase,2024.2.4,59.9523618953013,2025-09-04 22h51.36.601911 +0530,
30,0.5,2.0,32.17223590007052,,,,,,,,,32.15757520007901,32.17223590007052,32.672371899941936,32.672371899941936,32.672371899941936,32.97248820005916,33.10666420008056,left,-2.0,1,1,0.4307384002022445,,,,,01_ss,001,2025-09-04_22h51.27.171,adaptive_staircase,2024.2.4,59.9523618953013,2025-09-04 22h51.36.601911 +0530,
31,0.5,1.5,33.122319699963555,,,,,,,,,33.10692310007289,33.122319699963555,33.622805200051516,33.622805200051516,33.622805200051516,33.922107900027186,34.18989780009724,right,1.5,1,1,0.5597391999326646,,,,,01_ss,001,2025-09-04_22h51.27.171,adaptive_staircase,2024.2.4,59.9523618953013,2025-09-04 22h51.36.601911 +0530,
32,0.5,1.5,34.205401099985465,,,,,,,,,34.19008229998872,34.205401099985465,34.70561640011147,34.70561640011147,34.70561640011147,35.005482899956405,35.123158500064164,right,1.5,1,1,0.4034553000237793,,,,,01_ss,001,2025-09-04_22h51.27.171,adaptive_staircase,2024.2.4,59.9523618953013,2025-09-04 22h51.36.601911 +0530,
33,0.5,1.5,35.138774499995634,,,,,,,,,35.12335709994659,35.138774499995634,35.63895100005902,35.622586000012234,35.622586000012234,35.922032200032845,36.27325089997612,left,-1.5,0,0,0.6470095000695437,,,,,01_ss,001,2025-09-04_22h51.27.171,adaptive_staircase,2024.2.4,59.9523618953013,2025-09-04 22h51.36.601911 +0530,
34,0.5,2.0,36.2887332001701,,,,,,,,,36.273465800099075,36.2887332001701,36.78940310003236,36.77285460010171,36.77285460010171,37.07210240000859,37.39021580014378,left,-2.0,1,1,0.603800900047645,,,,,01_ss,001,2025-09-04_22h51.27.171,adaptive_staircase,2024.2.4,59.9523618953013,2025-09-04 22h51.36.601911 +0530,
35,0.5,2.0,37.405780400149524,,,,,,,,,37.39043670007959,37.405780400149524,37.90593699994497,37.90593699994497,37.90593699994497,38.205414900090545,38.440340999979526,right,2.0,1,1,0.5315867001190782,,,,,01_ss,001,2025-09-04_22h51.27.171,adaptive_staircase,2024.2.4,59.9523618953013,2025-09-04 22h51.36.601911 +0530,
36,0.5,2.0,38.45566670014523,,,,,,,,,38.44046890013851,38.45566670014523,38.955894000129774,38.955894000129774,38.955894000129774,39.25553010008298,39.40728739998303,right,2.0,0,0,0.44844059995375574,,,,,01_ss,001,2025-09-04_22h51.27.171,adaptive_staircase,2024.2.4,59.9523618953013,2025-09-04 22h51.36.601911 +0530,
37,0.5,2.5,39.4225066001527,,,,,,,,,39.40755660017021,39.4225066001527,39.922462000045925,39.922462000045925,39.922462000045925,40.22210490005091,40.39063929999247,left,-2.5,1,1,0.4653197000734508,,,,,01_ss,001,2025-09-04_22h51.27.171,adaptive_staircase,2024.2.4,59.9523618953013,2025-09-04 22h51.36.601911 +0530,
38,0.5,2.5,40.40559510001913,,,,,,,,,40.39087720005773,40.40559510001913,40.90582520002499,40.90582520002499,40.90582520002499,41.20571170002222,41.372799900127575,left,-2.5,1,1,0.4633454999420792,,,,,01_ss,001,2025-09-04_22h51.27.171,adaptive_staircase,2024.2.4,59.9523618953013,2025-09-04 22h51.36.601911 +0530,
39,0.5,2.5,41.389082100009546,,,,,,,,,41.37295340001583,41.389082100009546,41.88903530011885,41.8726622001268,41.8726622001268,42.17225249996409,42.40634960005991,right,2.5,1,1,0.5188329999800771,,,,,01_ss,001,2025-09-04_22h51.27.171,adaptive_staircase,2024.2.4,59.9523618953013,2025-09-04 22h51.36.601911 +0530,
40,0.5,2.0,42.42208490008488,,,,,,,,,42.40650960011408,42.42208490008488,42.922448500059545,42.90550999995321,42.90550999995321,43.20584730012342,43.38978360011242,left,-2.0,1,1,0.4810638998169452,,,,,01_ss,001,2025-09-04_22h51.27.171,adaptive_staircase,2024.2.4,59.9523618953013,2025-09-04 22h51.36.601911 +0530,
41,0.5,2.0,43.4060794999823,,,,,,,,,43.38991850009188,43.4060794999823,43.905603900086135,43.905603900086135,43.905603900086135,44.20585130015388,44.39058890007436,right,2.0,1,1,0.4827024000696838,,,,,01_ss,001,2025-09-04_22h51.27.171,adaptive_staircase,2024.2.4,59.9523618953013,2025-09-04 22h51.36.601911 +0530,
42,0.5,2.0,44.405724100070074,,,,,,,,,44.39080410008319,44.405724100070074,44.90593950008042,44.90593950008042,44.90593950008042,45.20548660005443,45.42302660015412,left,-2.0,1,1,0.5022332998923957,,,,,01_ss,001,2025-09-04_22h51.27.171,adaptive_staircase,2024.2.4,59.9523618953013,2025-09-04 22h51.36.601911 +0530,
43,0.5,1.5,45.43880320014432,,,,,,,,,45.423276300076395,45.43880320014432,45.93923280015588,45.922650299966335,45.922650299966335,46.222448700107634,46.35689470008947,left,-1.5,1,1,0.43187359999865294,,,,,01_ss,001,2025-09-04_22h51.27.171,adaptive_staircase,2024.2.4,59.9523618953013,2025-09-04 22h51.36.601911 +0530,
44,0.5,1.5,46.37241970002651,,,,,,,,,46.357125600101426,46.37241970002651,46.87284530000761,46.87284530000761,46.87284530000761,47.17285139998421,47.32435670006089,right,1.5,0,0,0.44954619999043643,,,,,01_ss,001,2025-09-04_22h51.27.171,adaptive_staircase,2024.2.4,59.9523618953013,2025-09-04 22h51.36.601911 +0530,
45,0.5,2.0,47.339607700007036,,,,,,,,,47.324601100059226,47.339607700007036,47.83962780004367,47.83962780004367,47.83962780004367,48.13938629999757,48.50722360005602,left,-2.0,1,1,0.656055600149557,,,,,01_ss,001,2025-09-04_22h51.27.171,adaptive_staircase,2024.2.4,59.9523618953013,2025-09-04 22h51.36.601911 +0530,
46,0.5,2.0,48.52319650002755,,,,,,,,,48.507433800026774,48.52319650002755,49.02318410016596,49.02318410016596,49.02318410016596,49.322941299993545,49.540135900024325,right,2.0,0,0,0.509560199920088,,,,,01_ss,001,2025-09-04_22h51.27.171,adaptive_staircase,2024.2.4,59.9523618953013,2025-09-04 22h51.36.601911 +0530,
47,0.5,2.5,49.555892900098115,,,,,,,,,49.54035470006056,49.555892900098115,50.055825900053605,50.03915229998529,50.03915229998529,50.339044500142336,50.42371280002408,left,-2.5,1,1,0.3781174002215266,,,,,01_ss,001,2025-09-04_22h51.27.171,adaptive_staircase,2024.2.4,59.9523618953013,2025-09-04 22h51.36.601911 +0530,
48,0.5,2.5,50.4391934000887,,,,,,,,,50.42392780003138,50.4391934000887,50.93932750006206,50.93932750006206,50.93932750006206,51.23932050005533,51.49028140003793,right,2.5,1,1,0.5362080000340939,,,,,01_ss,001,2025-09-04_22h51.27.171,adaptive_staircase,2024.2.4,59.9523618953013,2025-09-04 22h51.36.601911 +0530,
49,0.5,2.5,51.50618250016123,,,,,,,,,51.49047890002839,51.50618250016123,52.006288100034,52.006288100034,52.006288100034,52.30595720000565,52.42490930017084,left,-2.5,1,1,0.41374260000884533,,,,,01_ss,001,2025-09-04_22h51.27.171,adaptive_staircase,2024.2.4,59.9523618953013,2025-09-04 22h51.36.601911 +0530,
50,0.5,2.0,52.43930700002238,,,,,,,,,52.42516380012967,52.43930700002238,52.93963379994966,52.93963379994966,52.93963379994966,53.23958509997465,53.40748149994761,right,2.0,1,1,0.4615826001390815,,,,,01_ss,001,2025-09-04_22h51.27.171,adaptive_staircase,2024.2.4,59.9523618953013,2025-09-04 22h51.36.601911 +0530,
51,0.5,2.0,53.42284430004656,,,,,,,,,53.40771030005999,53.42284430004656,53.92329469998367,53.92329469998367,53.92329469998367,54.22259950009175,54.52577219996601,right,2.0,1,1,0.5993209998123348,,,,,01_ss,001,2025-09-04_22h51.27.171,adaptive_staircase,2024.2.4,59.9523618953013,2025-09-04 22h51.36.601911 +0530,
52,0.5,2.0,54.539279900025576,,,,,,,,,54.526063200086355,54.539279900025576,55.039487400092185,55.039487400092185,55.039487400092185,55.33925259998068,55.49077340005897,left,-2.0,1,1,0.4432643000036478,,,,,01_ss,001,2025-09-04_22h51.27.171,adaptive_staircase,2024.2.4,59.9523618953013,2025-09-04 22h51.36.601911 +0530,
53,0.5,1.5,55.505862600170076,,,,,,,,,55.490977900102735,55.505862600170076,56.00638210005127,56.00638210005127,56.00638210005127,56.306494700023904,56.74114529998042,right,1.5,1,1,0.7310194000601768,,,,,01_ss,001,2025-09-04_22h51.27.171,adaptive_staircase,2024.2.4,59.9523618953013,2025-09-04 22h51.36.601911 +0530,
54,0.5,1.5,56.755744399968535,,,,,,,,,56.74135720008053,56.755744399968535,57.25678619998507,57.25678619998507,57.25678619998507,57.5560135000851,57.72394679998979,left,-1.5,1,1,0.4549267999827862,,,,,01_ss,001,2025-09-04_22h51.27.171,adaptive_staircase,2024.2.4,59.9523618953013,2025-09-04 22h51.36.601911 +0530,
55,0.5,1.5,57.73951880005188,,,,,,,,,57.7242407000158,57.73951880005188,58.24006720003672,58.24006720003672,58.24006720003672,58.53963080001995,58.843632500153035,left,-1.5,1,1,0.5928847999311984,,,,,01_ss,001,2025-09-04_22h51.27.171,adaptive_staircase,2024.2.4,59.9523618953013,2025-09-04 22h51.36.601911 +0530,
56,0.5,1.0,58.855932200094685,,,,,,,,,58.84388660010882,58.855932200094685,59.35624370002188,59.35624370002188,59.35624370002188,59.65594090009108,59.92367920000106,right,1.0,1,1,0.5575288999825716,,,,,01_ss,001,2025-09-04_22h51.27.171,adaptive_staircase,2024.2.4,59.9523618953013,2025-09-04 22h51.36.601911 +0530,
57,0.5,1.0,59.93926699995063,,,,,,,,,59.9238742000889,59.93926699995063,60.43966699996963,60.43966699996963,60.43966699996963,60.739455400034785,61.107356700114906,left,-1.0,1,1,0.6634601999539882,,,,,01_ss,001,2025-09-04_22h51.27.171,adaptive_staircase,2024.2.4,59.9523618953013,2025-09-04 22h51.36.601911 +0530,
58,0.5,1.0,61.12265369994566,,,,,,,,,61.10756970010698,61.12265369994566,61.62279219995253,61.62279219995253,61.62279219995253,61.922848500078544,62.24137650011107,right,1.0,1,1,0.6030688998289406,,,,,01_ss,001,2025-09-04_22h51.27.171,adaptive_staircase,2024.2.4,59.9523618953013,2025-09-04 22h51.36.601911 +0530,
59,0.5,1.0,62.25663010007702,,,,,,,,,62.24164260015823,62.25663010007702,62.7560330000706,62.7560330000706,62.7560330000706,63.056206500157714,63.323925600154325,right,1.0,1,1,0.5574035998433828,,,,,01_ss,001,2025-09-04_22h51.27.171,adaptive_staircase,2024.2.4,59.9523618953013,2025-09-04 22h51.36.601911 +0530,
60,0.5,1.0,63.33944720006548,,,,,,,,,63.324138100026175,63.33944720006548,63.83974290010519,63.823122600093484,63.823122600093484,64.12269109999761,64.32393170008436,right,1.0,0,0,0.487302599940449,,,,,01_ss,001,2025-09-04_22h51.27.171,adaptive_staircase,2024.2.4,59.9523618953013,2025-09-04 22h51.36.601911 +0530,
61,0.5,1.5,64.33972930000164,,,,,,,,,64.32412280002609,64.33972930000164,64.84008200000972,64.82345340005122,64.82345340005122,65.12283560005017,65.34046249999665,left,-1.5,1,1,0.5061693000607193,,,,,01_ss,001,2025-09-04_22h51.27.171,adaptive_staircase,2024.2.4,59.9523618953013,2025-09-04 22h51.36.601911 +0530,
62,0.5,1.5,65.35590120009147,,,,,,,,,65.34068650007248,65.35590120009147,65.85638510016724,65.83958599995822,65.83958599995822,66.13940540002659,66.37417059997097,right,1.5,1,1,0.5279736998490989,,,,,01_ss,001,2025-09-04_22h51.27.171,adaptive_staircase,2024.2.4,59.9523618953013,2025-09-04 22h51.36.601911 +0530,
63,0.5,1.5,66.38958740001544,,,,,,,,,66.37438359996304,66.38958740001544,66.88975089997984,66.88975089997984,66.88975089997984,67.18935850006528,67.40727550000884,left,-1.5,1,1,0.5106480999384075,,,,,01_ss,001,2025-09-04_22h51.27.171,adaptive_staircase,2024.2.4,59.9523618953013,2025-09-04 22h51.36.601911 +0530,
64,0.5,1.0,67.42275850009173,,,,,,,,,67.40747290011495,67.42275850009173,67.92337690014392,67.9066963000223,67.9066963000223,68.20600380003452,68.50723840016872,right,1.0,0,0,0.5851492001675069,,,,,01_ss,001,2025-09-04_22h51.27.171,adaptive_staircase,2024.2.4,59.9523618953013,2025-09-04 22h51.36.601911 +0530,
65,0.5,1.5,68.52292670006864,,,,,,,,,68.50746570015326,68.52292670006864,69.02291060006246,69.02291060006246,69.02291060006246,69.32286790013313,69.49047020007856,left,-1.5,1,1,0.45507089979946613,,,,,01_ss,001,2025-09-04_22h51.27.171,adaptive_staircase,2024.2.4,59.9523618953013,2025-09-04 22h51.36.601911 +0530,
66,0.5,1.5,69.50611930014566,,,,,,,,,69.490686400095,69.50611930014566,70.00621370016597,69.98967020004056,69.98967020004056,70.28954010014422,70.49075870006345,left,-1.5,1,1,0.48985949996858835,,,,,01_ss,001,2025-09-04_22h51.27.171,adaptive_staircase,2024.2.4,59.9523618953013,2025-09-04 22h51.36.601911 +0530,
67,0.5,1.5,70.50604380015284,,,,,,,,,70.49096700013615,70.50604380015284,71.0063748001121,70.98993199993856,70.98993199993856,71.2892285999842,71.67399349994957,right,1.5,1,1,0.675325799966231,,,,,01_ss,001,2025-09-04_22h51.27.171,adaptive_staircase,2024.2.4,59.9523618953013,2025-09-04 22h51.36.601911 +0530,
68,0.5,1.0,71.68957310006954,,,,,,,,,71.67419850011356,71.68957310006954,72.18959810002707,72.18959810002707,72.18959810002707,72.48962650005706,72.69069980015047,left,-1.0,1,1,0.49848819989711046,,,,,01_ss,001,2025-09-04_22h51.27.171,adaptive_staircase,2024.2.4,59.9523618953013,2025-09-04 22h51.36.601911 +0530,
69,0.5,1.0,72.70626770006493,,,,,,,,,72.69089170009829,72.70626770006493,73.2064755000174,73.2064755000174,73.2064755000174,73.50594360008836,73.72405489999801,right,1.0,1,1,0.5022941001225263,,,,,01_ss,001,2025-09-04_22h51.27.171,adaptive_staircase,2024.2.4,59.9523618953013,2025-09-04 22h51.36.601911 +0530,
70,0.5,1.0,73.73942840006202,,,,,,,,,73.72426429996267,73.73942840006202,74.23979960009456,74.23979960009456,74.23979960009456,74.53960609994829,74.87409740011208,right,1.0,1,1,0.6247837000992149,,,,,01_ss,001,2025-09-04_22h51.27.171,adaptive_staircase,2024.2.4,59.9523618953013,2025-09-04 22h51.36.601911 +0530,
71,0.5,1.0,74.88926810002886,,,,,,,,,74.87430880009197,74.88926810002886,75.38974600005895,75.38974600005895,75.38974600005895,75.68923739995807,76.14093969995156,left,-1.0,0,0,0.7426187999080867,,,,,01_ss,001,2025-09-04_22h51.27.171,adaptive_staircase,2024.2.4,59.9523618953013,2025-09-04 22h51.36.601911 +0530,
72,0.5,1.5,76.15585510013625,,,,,,,,,76.14114710013382,76.15585510013625,76.65609110007063,76.65609110007063,76.65609110007063,76.95539030013606,77.20650520012714,right,1.5,1,1,0.5374860998708755,,,,,01_ss,001,2025-09-04_22h51.27.171,adaptive_staircase,2024.2.4,59.9523618953013,2025-09-04 22h51.36.601911 +0530,
73,0.5,1.5,77.22236560005695,,,,,,,,,77.20669959997758,77.22236560005695,77.72242540004663,77.70613720011897,77.70613720011897,78.00570990005508,78.57305290014483,right,1.5,1,1,0.8578876000829041,,,,,01_ss,001,2025-09-04_22h51.27.171,adaptive_staircase,2024.2.4,59.9523618953013,2025-09-04 22h51.36.601911 +0530,
74,0.5,1.5,78.58890380011871,,,,,,,,,78.57323790015653,78.58890380011871,79.08923000004143,79.07264479994774,79.07264479994774,79.37236040015705,79.55634679994546,right,1.5,1,1,0.4690404001157731,,,,,01_ss,001,2025-09-04_22h51.27.171,adaptive_staircase,2024.2.4,59.9523618953013,2025-09-04 22h51.36.601911 +0530,
75,0.5,1.0,79.57224590005353,,,,,,,,,79.55653110006824,79.57224590005353,80.07267570006661,80.05587920011021,80.05587920011021,80.3559565001633,80.75654540001415,right,1.0,1,1,0.696325299795717,,,,,01_ss,001,2025-09-04_22h51.27.171,adaptive_staircase,2024.2.4,59.9523618953013,2025-09-04 22h51.36.601911 +0530,
76,0.5,1.0,80.77228590007871,,,,,,,,,80.75674060010351,80.77228590007871,81.27249310002662,81.25586330005899,81.25586330005899,81.55571340001188,81.69011690001935,left,-1.0,1,1,0.4311644001863897,,,,,01_ss,001,2025-09-04_22h51.27.171,adaptive_staircase,2024.2.4,59.9523618953013,2025-09-04 22h51.36.601911 +0530,
77,0.5,1.0,81.7056696000509,,,,,,,,,81.69032680010423,81.7056696000509,82.20551940007135,82.20551940007135,82.20551940007135,82.50570900016464,82.79138860013336,left,-1.0,1,1,0.5829560998827219,,,,,01_ss,001,2025-09-04_22h51.27.171,adaptive_staircase,2024.2.4,59.9523618953013,2025-09-04 22h51.36.601911 +0530,
78,0.5,1.0,82.80588110000826,,,,,,,,,82.7916816000361,82.80588110000826,83.30585170001723,83.30585170001723,83.30585170001723,83.60544920014217,83.98986380011775,right,1.0,0,0,0.6734649001155049,,,,,01_ss,001,2025-09-04_22h51.27.171,adaptive_staircase,2024.2.4,59.9523618953013,2025-09-04 22h51.36.601911 +0530,
79,0.5,1.5,84.00570249999873,,,,,,,,,83.99005610006861,84.00570249999873,84.5061431999784,84.4892661999911,84.4892661999911,84.78912500012666,84.94038620009087,right,1.5,0,0,0.44860220002010465,,,,,01_ss,001,2025-09-04_22h51.27.171,adaptive_staircase,2024.2.4,59.9523618953013,2025-09-04 22h51.36.601911 +0530,
80,0.5,2.0,84.95580640016124,,,,,,,,,84.94060129998252,84.95580640016124,85.4560736999847,85.4560736999847,85.4560736999847,85.75559010007419,85.97357499995269,left,-2.0,1,1,0.5042431000620127,,,,,01_ss,001,2025-09-04_22h51.27.171,adaptive_staircase,2024.2.4,59.9523618953013,2025-09-04 22h51.36.601911 +0530,
81,0.5,2.0,85.98885460011661,,,,,,,,,85.97378580016084,85.98885460011661,86.48926950013265,86.48926950013265,86.48926950013265,86.78901370009407,87.0071132001467,left,-2.0,1,1,0.5082606000360101,,,,,01_ss,001,2025-09-04_22h51.27.171,adaptive_staircase,2024.2.4,59.9523618953013,2025-09-04 22h51.36.601911 +0530,
82,0.5,2.0,87.02239400008693,,,,,,,,,87.00736779998988,87.02239400008693,87.52275869995356,87.52275869995356,87.52275869995356,87.82236540014856,88.02428110013716,left,-2.0,1,1,0.49997990019619465,,,,,01_ss,001,2025-09-04_22h51.27.171,adaptive_staircase,2024.2.4,59.9523618953013,2025-09-04 22h51.36.601911 +0530,
83,0.5,1.5,88.03917580004781,,,,,,,,,88.0244996000547,88.03917580004781,88.53952009999193,88.53952009999193,88.53952009999193,88.8391530001536,89.25656490004621,right,1.5,1,1,0.7019493000116199,,,,,01_ss,001,2025-09-04_22h51.27.171,adaptive_staircase,2024.2.4,59.9523618953013,2025-09-04 22h51.36.601911 +0530,
84,0.5,1.5,89.27238810015842,,,,,,,,,89.25676620006561,89.27238810015842,89.77234090003185,89.77234090003185,89.77234090003185,90.07220789999701,90.2397670999635,left,-1.5,1,1,0.45083070010878146,,,,,01_ss,001,2025-09-04_22h51.27.171,adaptive_staircase,2024.2.4,59.9523618953013,2025-09-04 22h51.36.601911 +0530,
85,0.5,1.5,90.25567700015381,,,,,,,,,90.24015540000983,90.25567700015381,90.75580159993842,90.73917840002105,90.73917840002105,91.03867270005867,91.3730803001672,right,1.5,0,0,0.6227726999204606,,,,,01_ss,001,2025-09-04_22h51.27.171,adaptive_staircase,2024.2.4,59.9523618953013,2025-09-04 22h51.36.601911 +0530,
86,0.5,2.0,91.38888340000995,,,,,,,,,91.37327229999937,91.38888340000995,91.8900536999572,91.87246079999022,91.87246079999022,92.17317060008645,92.58980640000664,right,2.0,1,1,0.7094765000510961,,,,,01_ss,001,2025-09-04_22h51.27.171,adaptive_staircase,2024.2.4,59.9523618953013,2025-09-04 22h51.36.601911 +0530,
87,0.5,2.0,92.60553389997222,,,,,,,,,92.59001410007477,92.60553389997222,93.10603380016983,93.08917360007763,93.08917360007763,93.38920140010305,93.57349080010317,right,2.0,0,0,0.4724843001458794,,,,,01_ss,001,2025-09-04_22h51.27.171,adaptive_staircase,2024.2.4,59.9523618953013,2025-09-04 22h51.36.601911 +0530,
88,0.5,2.5,93.5888135000132,,,,,,,,,93.5737016000785,93.5888135000132,94.08910680003464,94.08910680003464,94.08910680003464,94.38938740012236,94.62327570002526,right,2.5,1,1,0.5203668000176549,,,,,01_ss,001,2025-09-04_22h51.27.171,adaptive_staircase,2024.2.4,59.9523618953013,2025-09-04 22h51.36.601911 +0530,
89,0.5,2.5,94.6391958000604,,,,,,,,,94.62356880004518,94.6391958000604,95.13929780013859,95.13929780013859,95.13929780013859,95.43893790012226,95.75677910004742,left,-2.5,1,1,0.602445499971509,,,,,01_ss,001,2025-09-04_22h51.27.171,adaptive_staircase,2024.2.4,59.9523618953013,2025-09-04 22h51.36.601911 +0530,
90,0.5,2.5,95.77221420011483,,,,,,,,,95.75697190011851,95.77221420011483,96.27266030013561,96.27266030013561,96.27266030013561,96.57245760015212,96.87461930001155,right,2.5,1,1,0.5878409999422729,,,,,01_ss,001,2025-09-04_22h51.27.171,adaptive_staircase,2024.2.4,59.9523618953013,2025-09-04 22h51.36.601911 +0530,
91,0.5,2.0,96.88936150004156,,,,,,,,,96.8749762000516,96.88936150004156,97.38959480007179,97.38959480007179,97.38959480007179,97.68917819997296,98.02403820003383,left,-2.0,1,1,0.6317108001094311,,,,,01_ss,001,2025-09-04_22h51.27.171,adaptive_staircase,2024.2.4,59.9523618953013,2025-09-04 22h51.36.601911 +0530,
92,0.5,2.0,98.03905629995279,,,,,,,,,98.02430250006728,98.03905629995279,98.53916430007666,98.53916430007666,98.53916430007666,98.8389618000947,99.12300390005112,right,2.0,0,0,0.5674270999152213,,,,,01_ss,001,2025-09-04_22h51.27.171,adaptive_staircase,2024.2.4,59.9523618953013,2025-09-04 22h51.36.601911 +0530,
93,0.5,2.5,99.13870000001043,,,,,,,,,99.12320949998684,99.13870000001043,99.6388522000052,99.62276960001327,99.62276960001327,99.92241100012325,100.09030740009621,right,2.5,0,0,0.46362160006538033,,,,,01_ss,001,2025-09-04_22h51.27.171,adaptive_staircase,2024.2.4,59.9523618953013,2025-09-04 22h51.36.601911 +0530,
94,0.5,3.0,100.10590620012954,,,,,,,,,100.09057590016164,100.10590620012954,100.60554420016706,100.60554420016706,100.60554420016706,100.906043499941,101.15674570016563,right,3.0,1,1,0.5439575999043882,,,,,01_ss,001,2025-09-04_22h51.27.171,adaptive_staircase,2024.2.4,59.9523618953013,2025-09-04 22h51.36.601911 +0530,
95,0.5,3.0,101.17251900001429,,,,,,,,,101.15693500009365,101.17251900001429,101.67257279995829,101.67257279995829,101.67257279995829,101.97217770013958,102.22328929998912,right,3.0,1,1,0.543955999892205,,,,,01_ss,001,2025-09-04_22h51.27.171,adaptive_staircase,2024.2.4,59.9523618953013,2025-09-04 22h51.36.601911 +0530,
96,0.5,3.0,102.23908359999768,,,,,,,,,102.22343600005843,102.23908359999768,102.73914070008323,102.73914070008323,102.73914070008323,103.03904740000144,103.10657320008613,left,-3.0,1,1,0.35481399996206164,,,,,01_ss,001,2025-09-04_22h51.27.171,adaptive_staircase,2024.2.4,59.9523618953013,2025-09-04 22h51.36.601911 +0530,
97,0.5,2.5,103.1223160000518,,,,,,,,,103.10678509995341,103.1223160000518,103.62241149996407,103.62241149996407,103.62241149996407,103.92234400007874,104.00799500010908,right,2.5,0,0,0.3825246999040246,,,,,01_ss,001,2025-09-04_22h51.27.171,adaptive_staircase,2024.2.4,59.9523618953013,2025-09-04 22h51.36.601911 +0530,
98,0.5,3.0,104.02257280005142,,,,,,,,,104.00822740001604,104.02257280005142,104.52259650011547,104.52259650011547,104.52259650011547,104.82208089996129,104.95646200003102,left,-3.0,1,1,0.43062060000374913,,,,,01_ss,001,2025-09-04_22h51.27.171,adaptive_staircase,2024.2.4,59.9523618953013,2025-09-04 22h51.36.601911 +0530,
99,0.5,3.0,104.97202180000022,,,,,,,,,104.95664580003358,104.97202180000022,105.47215189994313,105.45541490009055,105.45541490009055,105.75589839997701,105.92358339997008,left,-3.0,1,1,0.46258820011280477,,,,,01_ss,001,2025-09-04_22h51.27.171,adaptive_staircase,2024.2.4,59.9523618953013,2025-09-04 22h51.36.601911 +0530,
,,,,,,,,,,,,,,,,,,,,,,,,105.92371010011993,105.93870769999921,106.93902900000103,106.92288170009851,01_ss,001,2025-09-04_22h51.27.171,adaptive_staircase,2024.2.4,59.9523618953013,2025-09-04 22h51.36.601911 +0530,
