thisN,thisTrialN,thisRepN,key_resp.keys,key_resp.corr,key_resp.rt,key_resp.duration,tilt,trials.thisRepN,trials.thisTrialN,trials.thisN,trials.thisIndex,thisRow.t,notes,intro.started,text.started,key_resp_2.started,intro.stopped,key_resp_2.keys,key_resp_2.rt,key_resp_2.duration,trial.started,fixation.started,fixation.stopped,key_resp.started,trial.stopped,trials.key_resp.keys,trials.key_resp.corr,trials.key_resp.rt,trials.key_resp.duration,trials.tilt,thank.started,text_2.started,text_2.stopped,thank.stopped,participant,session,date,expName,psychopyVersion,frameRate,expStart,
,,,,,,,,,,,,,,0.01916490006260574,0.0331382000586018,0.0331382000586018,11.500505600008182,space,11.404207299929112,None,,,,,,,,,,,,,,,signal_detection_001,001,2025-09-18_23h17.36.743,Signal_Detection,2024.2.4,60.22021325609298,2025-09-18 23h18.32.937732 +0530,
0,0,0,down,1,0.7509523999178782,None,-4,0,0,0,0,11.509367599966936,,,,,,,,,11.501940499991179,11.509367599966936,12.52639240003191,12.52639240003191,13.285158300073817,down,1,0.7509523999178782,None,-4,,,,,signal_detection_001,001,2025-09-18_23h17.36.743,Signal_Detection,2024.2.4,60.22021325609298,2025-09-18 23h18.32.937732 +0530,
1,0,1,up,1,0.6044607000658289,None,0,1,0,1,0,13.299478100030683,,,,,,,,,13.28547260002233,13.299478100030683,14.297908700071275,14.297908700071275,14.91998650005553,up,1,0.6044607000658289,None,0,,,,,signal_detection_001,001,2025-09-18_23h17.36.743,Signal_Detection,2024.2.4,60.22021325609298,2025-09-18 23h18.32.937732 +0530,
2,0,2,down,1,0.6054589999839664,None,-5,2,0,2,0,14.931060599978082,,,,,,,,,14.920676600071602,14.931060599978082,15.933133800048381,15.933133800048381,16.55089760001283,down,1,0.6054589999839664,None,-5,,,,,signal_detection_001,001,2025-09-18_23h17.36.743,Signal_Detection,2024.2.4,60.22021325609298,2025-09-18 23h18.32.937732 +0530,
3,0,3,down,1,0.4616510000778362,None,-3,3,0,3,0,16.566060099983588,,,,,,,,,16.55122270004358,16.566060099983588,17.567229200038128,17.549080100026913,18.01610770006664,down,1,0.4616510000778362,None,-3,,,,,signal_detection_001,001,2025-09-18_23h17.36.743,Signal_Detection,2024.2.4,60.22021325609298,2025-09-18 23h18.32.937732 +0530,
4,0,4,up,1,0.686161799938418,None,0,4,0,4,0,18.03338709997479,,,,,,,,,18.016344400006346,18.03338709997479,19.033667400013655,19.01634189998731,19.718012999976054,up,1,0.686161799938418,None,0,,,,,signal_detection_001,001,2025-09-18_23h17.36.743,Signal_Detection,2024.2.4,60.22021325609298,2025-09-18 23h18.32.937732 +0530,
5,0,5,up,1,0.8063593999249861,None,0,5,0,5,0,19.732399399974383,,,,,,,,,19.71839060005732,19.732399399974383,20.733674700022675,20.71516010002233,21.536448400001973,up,1,0.8063593999249861,None,0,,,,,signal_detection_001,001,2025-09-18_23h17.36.743,Signal_Detection,2024.2.4,60.22021325609298,2025-09-18 23h18.32.937732 +0530,
6,0,6,up,0,0.40596690005622804,None,3,6,0,6,0,21.549264600034803,,,,,,,,,21.53699970000889,21.549264600034803,22.548099900013767,22.548099900013767,22.967897500027902,up,0,0.40596690005622804,None,3,,,,,signal_detection_001,001,2025-09-18_23h17.36.743,Signal_Detection,2024.2.4,60.22021325609298,2025-09-18 23h18.32.937732 +0530,
7,0,7,down,0,0.6286673001013696,None,0,7,0,7,0,22.981359799974598,,,,,,,,,22.968232200015336,22.981359799974598,23.9807399000274,23.9807399000274,24.61780670005828,down,0,0.6286673001013696,None,0,,,,,signal_detection_001,001,2025-09-18_23h17.36.743,Signal_Detection,2024.2.4,60.22021325609298,2025-09-18 23h18.32.937732 +0530,
8,0,8,up,1,0.6691438000416383,None,0,8,0,8,0,24.632411599974148,,,,,,,,,24.618110900046304,24.632411599974148,25.6333504000213,25.6333504000213,26.3165734000504,up,1,0.6691438000416383,None,0,,,,,signal_detection_001,001,2025-09-18_23h17.36.743,Signal_Detection,2024.2.4,60.22021325609298,2025-09-18 23h18.32.937732 +0530,
9,0,9,up,1,0.6209557999391109,None,0,9,0,9,0,26.33412060001865,,,,,,,,,26.316821999964304,26.33412060001865,27.348692500032485,27.315855400054716,27.950536799966358,up,1,0.6209557999391109,None,0,,,,,signal_detection_001,001,2025-09-18_23h17.36.743,Signal_Detection,2024.2.4,60.22021325609298,2025-09-18 23h18.32.937732 +0530,
10,0,10,up,1,0.7300684999208897,None,0,10,0,10,0,27.96740119997412,,,,,,,,,27.951259099994786,27.96740119997412,28.98218260006979,28.94893850001972,29.682462400058284,up,1,0.7300684999208897,None,0,,,,,signal_detection_001,001,2025-09-18_23h17.36.743,Signal_Detection,2024.2.4,60.22021325609298,2025-09-18 23h18.32.937732 +0530,
11,0,11,down,1,0.9645776000106707,None,3,11,0,11,0,29.701926800073124,,,,,,,,,29.682949600042775,29.701926800073124,30.71426999999676,30.6820105999941,31.650719800032675,down,1,0.9645776000106707,None,3,,,,,signal_detection_001,001,2025-09-18_23h17.36.743,Signal_Detection,2024.2.4,60.22021325609298,2025-09-18 23h18.32.937732 +0530,
12,0,12,down,1,0.610542600043118,None,-5,12,0,12,0,31.66632399999071,,,,,,,,,31.651143900002353,31.66632399999071,32.66822240001056,32.64875180006493,33.2681551000569,down,1,0.610542600043118,None,-5,,,,,signal_detection_001,001,2025-09-18_23h17.36.743,Signal_Detection,2024.2.4,60.22021325609298,2025-09-18 23h18.32.937732 +0530,
13,0,13,up,1,0.745323900016956,None,0,13,0,13,0,33.28194630006328,,,,,,,,,33.268437599996105,33.28194630006328,34.28027480002493,34.28027480002493,35.037589699961245,up,1,0.745323900016956,None,0,,,,,signal_detection_001,001,2025-09-18_23h17.36.743,Signal_Detection,2024.2.4,60.22021325609298,2025-09-18 23h18.32.937732 +0530,
14,0,14,up,1,0.44328559993300587,None,0,14,0,14,0,35.0489046999719,,,,,,,,,35.037995300022885,35.0489046999719,36.0470455000177,36.0470455000177,36.504665500018746,up,1,0.44328559993300587,None,0,,,,,signal_detection_001,001,2025-09-18_23h17.36.743,Signal_Detection,2024.2.4,60.22021325609298,2025-09-18 23h18.32.937732 +0530,
15,0,15,up,0,0.5133964000269771,None,1,15,0,15,0,36.517034200020134,,,,,,,,,36.5053140000673,36.517034200020134,37.51523130002897,37.51523130002897,38.03521470003761,up,0,0.5133964000269771,None,1,,,,,signal_detection_001,001,2025-09-18_23h17.36.743,Signal_Detection,2024.2.4,60.22021325609298,2025-09-18 23h18.32.937732 +0530,
16,0,16,up,1,0.5410852000350133,None,0,16,0,16,0,38.05030730005819,,,,,,,,,38.03543300007004,38.05030730005819,39.066689800005406,39.04875209997408,39.60059409996029,up,1,0.5410852000350133,None,0,,,,,signal_detection_001,001,2025-09-18_23h17.36.743,Signal_Detection,2024.2.4,60.22021325609298,2025-09-18 23h18.32.937732 +0530,
17,0,17,up,1,0.48660890001337975,None,0,17,0,17,0,39.6158265999984,,,,,,,,,39.600844500004314,39.6158265999984,40.615760699962266,40.615760699962266,41.11721180006862,up,1,0.48660890001337975,None,0,,,,,signal_detection_001,001,2025-09-18_23h17.36.743,Signal_Detection,2024.2.4,60.22021325609298,2025-09-18 23h18.32.937732 +0530,
18,0,18,up,1,0.38181920000351965,None,0,18,0,18,0,41.13291360007133,,,,,,,,,41.117450700025074,41.13291360007133,42.133735900046304,42.1164953999687,42.50203390000388,up,1,0.38181920000351965,None,0,,,,,signal_detection_001,001,2025-09-18_23h17.36.743,Signal_Detection,2024.2.4,60.22021325609298,2025-09-18 23h18.32.937732 +0530,
19,0,19,up,1,0.3530499000335112,None,0,19,0,19,0,42.51561300002504,,,,,,,,,42.502367299981415,42.51561300002504,43.51550670003053,43.51550670003053,43.883666299981996,up,1,0.3530499000335112,None,0,,,,,signal_detection_001,001,2025-09-18_23h17.36.743,Signal_Detection,2024.2.4,60.22021325609298,2025-09-18 23h18.32.937732 +0530,
20,0,20,up,1,0.4180071000009775,None,0,20,0,20,0,43.900112400064245,,,,,,,,,43.8839504000498,43.900112400064245,44.91755280003417,44.88146309996955,45.30167319998145,up,1,0.4180071000009775,None,0,,,,,signal_detection_001,001,2025-09-18_23h17.36.743,Signal_Detection,2024.2.4,60.22021325609298,2025-09-18 23h18.32.937732 +0530,
21,0,21,up,1,0.4139829999767244,None,0,21,0,21,0,45.3153367000632,,,,,,,,,45.30192240001634,45.3153367000632,46.31453179998789,46.31453179998789,46.73477450001519,up,1,0.4139829999767244,None,0,,,,,signal_detection_001,001,2025-09-18_23h17.36.743,Signal_Detection,2024.2.4,60.22021325609298,2025-09-18 23h18.32.937732 +0530,
22,0,22,up,1,0.46700030006468296,None,0,22,0,22,0,46.74852500006091,,,,,,,,,46.73501050006598,46.74852500006091,47.74854539998341,47.73168159998022,48.20201410003938,up,1,0.46700030006468296,None,0,,,,,signal_detection_001,001,2025-09-18_23h17.36.743,Signal_Detection,2024.2.4,60.22021325609298,2025-09-18 23h18.32.937732 +0530,
23,0,23,up,1,0.5210936999646947,None,0,23,0,23,0,48.21557350002695,,,,,,,,,48.20226890000049,48.21557350002695,49.21744529996067,49.21744529996067,49.7512313000625,up,1,0.5210936999646947,None,0,,,,,signal_detection_001,001,2025-09-18_23h17.36.743,Signal_Detection,2024.2.4,60.22021325609298,2025-09-18 23h18.32.937732 +0530,
24,0,24,down,0,0.5385687999660149,None,0,24,0,24,0,49.76593650004361,,,,,,,,,49.751559099997394,49.76593650004361,50.768940199981444,50.748975299997255,51.30209710006602,down,0,0.5385687999660149,None,0,,,,,signal_detection_001,001,2025-09-18_23h17.36.743,Signal_Detection,2024.2.4,60.22021325609298,2025-09-18 23h18.32.937732 +0530,
25,0,25,down,0,0.5898676000069827,None,0,25,0,25,0,51.315145100001246,,,,,,,,,51.30234479997307,51.315145100001246,52.31430460000411,52.31430460000411,52.9182315999642,down,0,0.5898676000069827,None,0,,,,,signal_detection_001,001,2025-09-18_23h17.36.743,Signal_Detection,2024.2.4,60.22021325609298,2025-09-18 23h18.32.937732 +0530,
26,0,26,up,0,0.46938899997621775,None,3,26,0,26,0,52.934239999973215,,,,,,,,,52.918481200002134,52.934239999973215,53.947986599989235,53.91642510006204,54.403649599989876,up,0,0.46938899997621775,None,3,,,,,signal_detection_001,001,2025-09-18_23h17.36.743,Signal_Detection,2024.2.4,60.22021325609298,2025-09-18 23h18.32.937732 +0530,
27,0,27,up,1,0.5514382000546902,None,0,27,0,27,0,54.41615850001108,,,,,,,,,54.40411490004044,54.41615850001108,55.415169700048864,55.415169700048864,55.96907370002009,up,1,0.5514382000546902,None,0,,,,,signal_detection_001,001,2025-09-18_23h17.36.743,Signal_Detection,2024.2.4,60.22021325609298,2025-09-18 23h18.32.937732 +0530,
28,0,28,down,1,0.6098651000065729,None,-2,28,0,28,0,55.98190040001646,,,,,,,,,55.96934259997215,55.98190040001646,56.980232700007036,56.980232700007036,57.604028700036,down,1,0.6098651000065729,None,-2,,,,,signal_detection_001,001,2025-09-18_23h17.36.743,Signal_Detection,2024.2.4,60.22021325609298,2025-09-18 23h18.32.937732 +0530,
29,0,29,down,1,0.42942860000766814,None,4,29,0,29,0,57.613559299963526,,,,,,,,,57.604299300001,57.613559299963526,58.61314360005781,58.61314360005781,59.051663400023244,down,1,0.42942860000766814,None,4,,,,,signal_detection_001,001,2025-09-18_23h17.36.743,Signal_Detection,2024.2.4,60.22021325609298,2025-09-18 23h18.32.937732 +0530,
30,0,30,up,1,0.5860088000772521,None,0,30,0,30,0,59.06601549999323,,,,,,,,,59.05202920001466,59.06601549999323,60.081890400033444,60.067504700040445,60.66777419997379,up,1,0.5860088000772521,None,0,,,,,signal_detection_001,001,2025-09-18_23h17.36.743,Signal_Detection,2024.2.4,60.22021325609298,2025-09-18 23h18.32.937732 +0530,
31,0,31,up,0,0.6727419000817463,None,-5,31,0,31,0,60.68281090003438,,,,,,,,,60.66847759997472,60.68281090003438,61.68071129999589,61.68071129999589,62.36876049998682,up,0,0.6727419000817463,None,-5,,,,,signal_detection_001,001,2025-09-18_23h17.36.743,Signal_Detection,2024.2.4,60.22021325609298,2025-09-18 23h18.32.937732 +0530,
32,0,32,down,1,0.9840878000250086,None,2,32,0,32,0,62.382596499985084,,,,,,,,,62.36918030004017,62.382596499985084,63.38170320005156,63.38170320005156,64.36805260006804,down,1,0.9840878000250086,None,2,,,,,signal_detection_001,001,2025-09-18_23h17.36.743,Signal_Detection,2024.2.4,60.22021325609298,2025-09-18 23h18.32.937732 +0530,
33,0,33,down,0,0.707132300012745,None,0,33,0,33,0,64.38264429999981,,,,,,,,,64.36833810003009,64.38264429999981,65.38142069999594,65.38142069999594,66.10019789997023,down,0,0.707132300012745,None,0,,,,,signal_detection_001,001,2025-09-18_23h17.36.743,Signal_Detection,2024.2.4,60.22021325609298,2025-09-18 23h18.32.937732 +0530,
34,0,34,down,1,0.566524300025776,None,1,34,0,34,0,66.1149467000505,,,,,,,,,66.100518799969,66.1149467000505,67.1150825000368,67.1150825000368,67.68535439996049,down,1,0.566524300025776,None,1,,,,,signal_detection_001,001,2025-09-18_23h17.36.743,Signal_Detection,2024.2.4,60.22021325609298,2025-09-18 23h18.32.937732 +0530,
35,0,35,up,0,0.6861672999802977,None,1,35,0,35,0,67.6996494999621,,,,,,,,,67.68588040000759,67.6996494999621,68.71431409998331,68.70019510004204,69.40201209997758,up,0,0.6861672999802977,None,1,,,,,signal_detection_001,001,2025-09-18_23h17.36.743,Signal_Detection,2024.2.4,60.22021325609298,2025-09-18 23h18.32.937732 +0530,
36,0,36,up,0,0.5160652999766171,None,3,36,0,36,0,69.4155299999984,,,,,,,,,69.4023122000508,69.4155299999984,70.41640470002312,70.41640470002312,70.93634700006805,up,0,0.5160652999766171,None,3,,,,,signal_detection_001,001,2025-09-18_23h17.36.743,Signal_Detection,2024.2.4,60.22021325609298,2025-09-18 23h18.32.937732 +0530,
37,0,37,up,1,0.9170254000928253,None,0,37,0,37,0,70.94766850001179,,,,,,,,,70.93665509996936,70.94766850001179,71.94817460002378,71.94817460002378,72.8685752999736,up,1,0.9170254000928253,None,0,,,,,signal_detection_001,001,2025-09-18_23h17.36.743,Signal_Detection,2024.2.4,60.22021325609298,2025-09-18 23h18.32.937732 +0530,
38,0,38,down,1,0.5418294999981299,None,-5,38,0,38,0,72.88105239998549,,,,,,,,,72.86906649998855,72.88105239998549,73.88153120002244,73.88153120002244,74.43570430006366,down,1,0.5418294999981299,None,-5,,,,,signal_detection_001,001,2025-09-18_23h17.36.743,Signal_Detection,2024.2.4,60.22021325609298,2025-09-18 23h18.32.937732 +0530,
39,0,39,up,1,0.9163483999436721,None,0,39,0,39,0,74.44782750005834,,,,,,,,,74.43594500003383,74.44782750005834,75.44809960003477,75.44809960003477,76.36859179998282,up,1,0.9163483999436721,None,0,,,,,signal_detection_001,001,2025-09-18_23h17.36.743,Signal_Detection,2024.2.4,60.22021325609298,2025-09-18 23h18.32.937732 +0530,
40,0,40,up,1,0.7358088999753818,None,0,40,0,40,0,76.38128910004161,,,,,,,,,76.36900010006502,76.38128910004161,77.38355999998748,77.38355999998748,78.1348629000131,up,1,0.7358088999753818,None,0,,,,,signal_detection_001,001,2025-09-18_23h17.36.743,Signal_Detection,2024.2.4,60.22021325609298,2025-09-18 23h18.32.937732 +0530,
41,0,41,down,1,0.8135147999273613,None,4,41,0,41,0,78.14927040005568,,,,,,,,,78.13532230001874,78.14927040005568,79.14885650004726,79.14885650004726,79.96880200004671,down,1,0.8135147999273613,None,4,,,,,signal_detection_001,001,2025-09-18_23h17.36.743,Signal_Detection,2024.2.4,60.22021325609298,2025-09-18 23h18.32.937732 +0530,
42,0,42,down,1,0.5239117000019178,None,4,42,0,42,0,79.98270339996088,,,,,,,,,79.96912160003558,79.98270339996088,80.97946820000652,80.97946820000652,81.518326099962,down,1,0.5239117000019178,None,4,,,,,signal_detection_001,001,2025-09-18_23h17.36.743,Signal_Detection,2024.2.4,60.22021325609298,2025-09-18 23h18.32.937732 +0530,
43,0,43,down,1,0.8681981000117958,None,-3,43,0,43,0,81.53283470007591,,,,,,,,,81.51885350001976,81.53283470007591,82.53229600004852,82.53229600004852,83.41677730006631,down,1,0.8681981000117958,None,-3,,,,,signal_detection_001,001,2025-09-18_23h17.36.743,Signal_Detection,2024.2.4,60.22021325609298,2025-09-18 23h18.32.937732 +0530,
44,0,44,down,1,0.5117855999851599,None,3,44,0,44,0,83.43379080004524,,,,,,,,,83.41718049999326,83.43379080004524,84.44739580003079,84.43377430003602,84.95040380000137,down,1,0.5117855999851599,None,3,,,,,signal_detection_001,001,2025-09-18_23h17.36.743,Signal_Detection,2024.2.4,60.22021325609298,2025-09-18 23h18.32.937732 +0530,
45,0,45,up,1,0.6149710000026971,None,0,45,0,45,0,84.96604129998013,,,,,,,,,84.95088969997596,84.96604129998013,85.9818858000217,85.94751309999265,86.56713700003456,up,1,0.6149710000026971,None,0,,,,,signal_detection_001,001,2025-09-18_23h17.36.743,Signal_Detection,2024.2.4,60.22021325609298,2025-09-18 23h18.32.937732 +0530,
46,0,46,down,1,1.0350427998928353,None,4,46,0,46,0,86.58090229996014,,,,,,,,,86.56748089997564,86.58090229996014,87.58127820002846,87.58127820002846,88.63554280006792,down,1,1.0350427998928353,None,4,,,,,signal_detection_001,001,2025-09-18_23h17.36.743,Signal_Detection,2024.2.4,60.22021325609298,2025-09-18 23h18.32.937732 +0530,
47,0,47,up,0,0.7064149000216275,None,2,47,0,47,0,88.64849130006041,,,,,,,,,88.6358479000628,88.64849130006041,89.64769530005287,89.64769530005287,90.36662880005315,up,0,0.7064149000216275,None,2,,,,,signal_detection_001,001,2025-09-18_23h17.36.743,Signal_Detection,2024.2.4,60.22021325609298,2025-09-18 23h18.32.937732 +0530,
48,0,48,up,1,0.8783955000108108,None,0,48,0,48,0,90.38204429997131,,,,,,,,,90.36685510003008,90.38204429997131,91.38251580006909,91.38251580006909,92.27099660004023,up,1,0.8783955000108108,None,0,,,,,signal_detection_001,001,2025-09-18_23h17.36.743,Signal_Detection,2024.2.4,60.22021325609298,2025-09-18 23h18.32.937732 +0530,
49,0,49,up,0,0.5839457000838593,None,4,49,0,49,0,92.2815134000266,,,,,,,,,92.27169319998939,92.2815134000266,93.28189880005084,93.28189880005084,93.8714138000505,up,0,0.5839457000838593,None,4,,,,,signal_detection_001,001,2025-09-18_23h17.36.743,Signal_Detection,2024.2.4,60.22021325609298,2025-09-18 23h18.32.937732 +0530,
50,0,50,up,1,0.5994059999939054,None,0,50,0,50,0,93.8813110999763,,,,,,,,,93.87192000006326,93.8813110999763,94.88022220006678,94.88022220006678,95.4833709000377,up,1,0.5994059999939054,None,0,,,,,signal_detection_001,001,2025-09-18_23h17.36.743,Signal_Detection,2024.2.4,60.22021325609298,2025-09-18 23h18.32.937732 +0530,
51,0,51,up,0,0.501191999996081,None,4,51,0,51,0,95.50078920007218,,,,,,,,,95.48370600002818,95.50078920007218,96.51511270005722,96.50096860004123,97.01743420003913,up,0,0.501191999996081,None,4,,,,,signal_detection_001,001,2025-09-18_23h17.36.743,Signal_Detection,2024.2.4,60.22021325609298,2025-09-18 23h18.32.937732 +0530,
52,0,52,up,1,0.8567838999442756,None,0,52,0,52,0,97.0348507000599,,,,,,,,,97.01778930006549,97.0348507000599,98.04597510001622,98.03293910005596,98.9003231000388,up,1,0.8567838999442756,None,0,,,,,signal_detection_001,001,2025-09-18_23h17.36.743,Signal_Detection,2024.2.4,60.22021325609298,2025-09-18 23h18.32.937732 +0530,
53,0,53,up,0,1.056167499977164,None,2,53,0,53,0,98.91508359997533,,,,,,,,,98.90071029996034,98.91508359997533,99.91729810007382,99.91729810007382,100.98448650003411,up,0,1.056167499977164,None,2,,,,,signal_detection_001,001,2025-09-18_23h17.36.743,Signal_Detection,2024.2.4,60.22021325609298,2025-09-18 23h18.32.937732 +0530,
54,0,54,up,0,0.5110686999978498,None,2,54,0,54,0,100.9988011000678,,,,,,,,,100.9848402000498,100.9988011000678,101.99916390003636,101.99916390003636,102.52006210002583,up,0,0.5110686999978498,None,2,,,,,signal_detection_001,001,2025-09-18_23h17.36.743,Signal_Detection,2024.2.4,60.22021325609298,2025-09-18 23h18.32.937732 +0530,
55,0,55,up,0,0.6506167000625283,None,2,55,0,55,0,102.53287360002287,,,,,,,,,102.52064230001997,102.53287360002287,103.54864180006552,103.53490410000086,104.20034430001397,up,0,0.6506167000625283,None,2,,,,,signal_detection_001,001,2025-09-18_23h17.36.743,Signal_Detection,2024.2.4,60.22021325609298,2025-09-18 23h18.32.937732 +0530,
56,0,56,down,1,0.8109736999031156,None,-2,56,0,56,0,104.21590469998773,,,,,,,,,104.20074410003144,104.21590469998773,105.21525040001143,105.21525040001143,106.03598000004422,down,1,0.8109736999031156,None,-2,,,,,signal_detection_001,001,2025-09-18_23h17.36.743,Signal_Detection,2024.2.4,60.22021325609298,2025-09-18 23h18.32.937732 +0530,
57,0,57,up,1,0.6201262000249699,None,0,57,0,57,0,106.04940270003863,,,,,,,,,106.03649570001289,106.04940270003863,107.04832729999907,107.04832729999907,107.68318699998781,up,1,0.6201262000249699,None,0,,,,,signal_detection_001,001,2025-09-18_23h17.36.743,Signal_Detection,2024.2.4,60.22021325609298,2025-09-18 23h18.32.937732 +0530,
58,0,58,up,0,0.6144870999269187,None,-2,58,0,58,0,107.70153269998264,,,,,,,,,107.68366059998516,107.70153269998264,108.71552359999623,108.68251249997411,109.30262099998072,up,0,0.6144870999269187,None,-2,,,,,signal_detection_001,001,2025-09-18_23h17.36.743,Signal_Detection,2024.2.4,60.22021325609298,2025-09-18 23h18.32.937732 +0530,
59,0,59,up,0,0.7712716999230906,None,-3,59,0,59,0,109.31484270002693,,,,,,,,,109.30308410001453,109.31484270002693,110.31531740003265,110.31531740003265,111.10246099997312,up,0,0.7712716999230906,None,-3,,,,,signal_detection_001,001,2025-09-18_23h17.36.743,Signal_Detection,2024.2.4,60.22021325609298,2025-09-18 23h18.32.937732 +0530,
60,0,60,down,1,0.6667314000660554,None,1,60,0,60,0,111.11473729996942,,,,,,,,,111.10299769998528,111.11473729996942,112.11481800000183,112.11481800000183,112.78471110004466,down,1,0.6667314000660554,None,1,,,,,signal_detection_001,001,2025-09-18_23h17.36.743,Signal_Detection,2024.2.4,60.22021325609298,2025-09-18 23h18.32.937732 +0530,
61,0,61,up,1,0.5609772000461817,None,0,61,0,61,0,112.7995906000724,,,,,,,,,112.78498800005764,112.7995906000724,113.8031931000296,113.8031931000296,114.36956480005756,up,1,0.5609772000461817,None,0,,,,,signal_detection_001,001,2025-09-18_23h17.36.743,Signal_Detection,2024.2.4,60.22021325609298,2025-09-18 23h18.32.937732 +0530,
62,0,62,down,1,0.5119731000158936,None,4,62,0,62,0,114.38273419998586,,,,,,,,,114.36985879996791,114.38273419998586,115.38203189999331,115.38203189999331,115.90374310000334,down,1,0.5119731000158936,None,4,,,,,signal_detection_001,001,2025-09-18_23h17.36.743,Signal_Detection,2024.2.4,60.22021325609298,2025-09-18 23h18.32.937732 +0530,
63,0,63,up,1,0.8275082999607548,None,0,63,0,63,0,115.91485439997632,,,,,,,,,115.90398409997579,115.91485439997632,116.91609439998865,116.91609439998865,117.75059139996301,up,1,0.8275082999607548,None,0,,,,,signal_detection_001,001,2025-09-18_23h17.36.743,Signal_Detection,2024.2.4,60.22021325609298,2025-09-18 23h18.32.937732 +0530,
64,0,64,up,1,0.6850003999425098,None,0,64,0,64,0,117.76723330002278,,,,,,,,,117.75091910001356,117.76723330002278,118.7792616999941,118.74864750006236,119.43626400001813,up,1,0.6850003999425098,None,0,,,,,signal_detection_001,001,2025-09-18_23h17.36.743,Signal_Detection,2024.2.4,60.22021325609298,2025-09-18 23h18.32.937732 +0530,
65,0,65,down,1,0.6319522000849247,None,3,65,0,65,0,119.44866470003035,,,,,,,,,119.436621400062,119.44866470003035,120.44700649997685,120.44700649997685,121.08340180001687,down,1,0.6319522000849247,None,3,,,,,signal_detection_001,001,2025-09-18_23h17.36.743,Signal_Detection,2024.2.4,60.22021325609298,2025-09-18 23h18.32.937732 +0530,
66,0,66,up,1,0.5450182999484241,None,0,66,0,66,0,121.10066880006343,,,,,,,,,121.08364800002892,121.10066880006343,122.1160499000689,122.08059440006036,122.63336900004651,up,1,0.5450182999484241,None,0,,,,,signal_detection_001,001,2025-09-18_23h17.36.743,Signal_Detection,2024.2.4,60.22021325609298,2025-09-18 23h18.32.937732 +0530,
67,0,67,down,1,0.4366172000300139,None,3,67,0,67,0,122.64724560000468,,,,,,,,,122.6337152000051,122.64724560000468,123.64907170005608,123.64907170005608,124.10128379997332,down,1,0.4366172000300139,None,3,,,,,signal_detection_001,001,2025-09-18_23h17.36.743,Signal_Detection,2024.2.4,60.22021325609298,2025-09-18 23h18.32.937732 +0530,
68,0,68,up,1,0.3980512999696657,None,0,68,0,68,0,124.1164358999813,,,,,,,,,124.10170160001144,124.1164358999813,125.11530419997871,125.11530419997871,125.51710980001371,up,1,0.3980512999696657,None,0,,,,,signal_detection_001,001,2025-09-18_23h17.36.743,Signal_Detection,2024.2.4,60.22021325609298,2025-09-18 23h18.32.937732 +0530,
69,0,69,down,1,0.42203809996135533,None,-5,69,0,69,0,125.53261490003206,,,,,,,,,125.51737500005402,125.53261490003206,126.53319540002849,126.5152659000596,126.95116459997371,down,1,0.42203809996135533,None,-5,,,,,signal_detection_001,001,2025-09-18_23h17.36.743,Signal_Detection,2024.2.4,60.22021325609298,2025-09-18 23h18.32.937732 +0530,
70,0,70,up,1,0.429282300057821,None,0,70,0,70,0,126.97012990002986,,,,,,,,,126.9515182999894,126.97012990002986,127.98188960005064,127.9474550000159,128.38480820006225,up,1,0.429282300057821,None,0,,,,,signal_detection_001,001,2025-09-18_23h17.36.743,Signal_Detection,2024.2.4,60.22021325609298,2025-09-18 23h18.32.937732 +0530,
71,0,71,down,0,0.488000400015153,None,0,71,0,71,0,128.39964219997637,,,,,,,,,128.38505759998225,128.39964219997637,129.39894260000437,129.3825106000295,129.88199899997562,down,0,0.488000400015153,None,0,,,,,signal_detection_001,001,2025-09-18_23h17.36.743,Signal_Detection,2024.2.4,60.22021325609298,2025-09-18 23h18.32.937732 +0530,
72,0,72,up,1,0.5836043999297544,None,0,72,0,72,0,129.90074810001533,,,,,,,,,129.8822260000743,129.90074810001533,130.9155273999786,130.88176859996747,131.46866380004212,up,1,0.5836043999297544,None,0,,,,,signal_detection_001,001,2025-09-18_23h17.36.743,Signal_Detection,2024.2.4,60.22021325609298,2025-09-18 23h18.32.937732 +0530,
73,0,73,down,1,0.5230280999094248,None,-5,73,0,73,0,131.48037830006797,,,,,,,,,131.4691847000504,131.48037830006797,132.48087400000077,132.48087400000077,133.01564100000542,down,1,0.5230280999094248,None,-5,,,,,signal_detection_001,001,2025-09-18_23h17.36.743,Signal_Detection,2024.2.4,60.22021325609298,2025-09-18 23h18.32.937732 +0530,
74,0,74,up,0,0.4776109999511391,None,-2,74,0,74,0,133.0346665000543,,,,,,,,,133.01605570001993,133.0346665000543,134.04752989998087,134.01398889999837,134.50100030004978,up,0,0.4776109999511391,None,-2,,,,,signal_detection_001,001,2025-09-18_23h17.36.743,Signal_Detection,2024.2.4,60.22021325609298,2025-09-18 23h18.32.937732 +0530,
75,0,75,up,1,0.8042393999639899,None,0,75,0,75,0,134.51423830003478,,,,,,,,,134.50130130001344,134.51423830003478,135.51568149996456,135.51568149996456,136.3360079000704,up,1,0.8042393999639899,None,0,,,,,signal_detection_001,001,2025-09-18_23h17.36.743,Signal_Detection,2024.2.4,60.22021325609298,2025-09-18 23h18.32.937732 +0530,
76,0,76,up,0,0.6284262000117451,None,-3,76,0,76,0,136.34900200006086,,,,,,,,,136.33628230006434,136.34900200006086,137.34766680002213,137.34766680002213,137.98582449997775,up,0,0.6284262000117451,None,-3,,,,,signal_detection_001,001,2025-09-18_23h17.36.743,Signal_Detection,2024.2.4,60.22021325609298,2025-09-18 23h18.32.937732 +0530,
77,0,77,down,1,0.8446750000584871,None,-4,77,0,77,0,137.99987669999246,,,,,,,,,137.98609919997398,137.99987669999246,139.00022190005984,139.00022190005984,139.85169410007074,down,1,0.8446750000584871,None,-4,,,,,signal_detection_001,001,2025-09-18_23h17.36.743,Signal_Detection,2024.2.4,60.22021325609298,2025-09-18 23h18.32.937732 +0530,
78,0,78,up,0,0.634027799940668,None,3,78,0,78,0,139.86686369997915,,,,,,,,,139.8523091999814,139.86686369997915,140.88156450004317,140.84778599999845,141.484873300069,up,0,0.634027799940668,None,3,,,,,signal_detection_001,001,2025-09-18_23h17.36.743,Signal_Detection,2024.2.4,60.22021325609298,2025-09-18 23h18.32.937732 +0530,
79,0,79,up,0,0.6940370999509469,None,1,79,0,79,0,141.50066779996268,,,,,,,,,141.48512620001566,141.50066779996268,142.4997255000053,142.48350950004533,143.1848508999683,up,0,0.6940370999509469,None,1,,,,,signal_detection_001,001,2025-09-18_23h17.36.743,Signal_Detection,2024.2.4,60.22021325609298,2025-09-18 23h18.32.937732 +0530,
80,0,80,up,1,0.5074243999551982,None,0,80,0,80,0,143.19940949999727,,,,,,,,,143.18536790006328,143.19940949999727,144.20100540004205,144.20100540004205,144.71864540001843,up,1,0.5074243999551982,None,0,,,,,signal_detection_001,001,2025-09-18_23h17.36.743,Signal_Detection,2024.2.4,60.22021325609298,2025-09-18 23h18.32.937732 +0530,
81,0,81,up,1,0.6004860000684857,None,0,81,0,81,0,144.7312483000569,,,,,,,,,144.71888589998707,144.7312483000569,145.73256300005596,145.73256300005596,146.33550060004927,up,1,0.6004860000684857,None,0,,,,,signal_detection_001,001,2025-09-18_23h17.36.743,Signal_Detection,2024.2.4,60.22021325609298,2025-09-18 23h18.32.937732 +0530,
82,0,82,up,1,0.46435100003145635,None,0,82,0,82,0,146.34862589999102,,,,,,,,,146.3357611000538,146.34862589999102,147.35152100003324,147.35152100003324,147.8183199999621,up,1,0.46435100003145635,None,0,,,,,signal_detection_001,001,2025-09-18_23h17.36.743,Signal_Detection,2024.2.4,60.22021325609298,2025-09-18 23h18.32.937732 +0530,
83,0,83,up,0,0.3824179000221193,None,-4,83,0,83,0,147.83347940002568,,,,,,,,,147.81860420003068,147.83347940002568,148.83384850004222,148.83384850004222,149.21814140002243,up,0,0.3824179000221193,None,-4,,,,,signal_detection_001,001,2025-09-18_23h17.36.743,Signal_Detection,2024.2.4,60.22021325609298,2025-09-18 23h18.32.937732 +0530,
84,0,84,up,0,0.6510825000004843,None,4,84,0,84,0,149.2327598000411,,,,,,,,,149.21844199998304,149.2327598000411,150.2317866999656,150.21618790004868,150.88299010007177,up,0,0.6510825000004843,None,4,,,,,signal_detection_001,001,2025-09-18_23h17.36.743,Signal_Detection,2024.2.4,60.22021325609298,2025-09-18 23h18.32.937732 +0530,
85,0,85,down,1,0.5018927999772131,None,-4,85,0,85,0,150.89927769999485,,,,,,,,,150.88370290002786,150.89927769999485,151.89988909999374,151.88193859998137,152.40231979999226,down,1,0.5018927999772131,None,-4,,,,,signal_detection_001,001,2025-09-18_23h17.36.743,Signal_Detection,2024.2.4,60.22021325609298,2025-09-18 23h18.32.937732 +0530,
86,0,86,down,1,0.41156779997982085,None,-4,86,0,86,0,152.41447159997188,,,,,,,,,152.40274609997869,152.41447159997188,153.41317469999194,153.41317469999194,153.83223299996462,down,1,0.41156779997982085,None,-4,,,,,signal_detection_001,001,2025-09-18_23h17.36.743,Signal_Detection,2024.2.4,60.22021325609298,2025-09-18 23h18.32.937732 +0530,
87,0,87,down,0,0.5696868000086397,None,0,87,0,87,0,153.84769079997204,,,,,,,,,153.83247150003444,153.84769079997204,154.848398800008,154.83583760005422,155.41708270006347,down,0,0.5696868000086397,None,0,,,,,signal_detection_001,001,2025-09-18_23h17.36.743,Signal_Detection,2024.2.4,60.22021325609298,2025-09-18 23h18.32.937732 +0530,
88,0,88,down,1,0.544347699964419,None,4,88,0,88,0,155.43485880002845,,,,,,,,,155.4173812000081,155.43485880002845,156.44826550001744,156.41522510000505,156.9702796000056,down,1,0.544347699964419,None,4,,,,,signal_detection_001,001,2025-09-18_23h17.36.743,Signal_Detection,2024.2.4,60.22021325609298,2025-09-18 23h18.32.937732 +0530,
89,0,89,up,1,0.4572850000113249,None,0,89,0,89,0,156.98147200001404,,,,,,,,,156.97086630004924,156.98147200001404,157.981982300058,157.981982300058,158.45030919997953,up,1,0.4572850000113249,None,0,,,,,signal_detection_001,001,2025-09-18_23h17.36.743,Signal_Detection,2024.2.4,60.22021325609298,2025-09-18 23h18.32.937732 +0530,
90,0,90,up,1,0.586649400065653,None,0,90,0,90,0,158.46620330004953,,,,,,,,,158.45072069996968,158.46620330004953,159.48134910000954,159.44768199999817,160.0366173000075,up,1,0.586649400065653,None,0,,,,,signal_detection_001,001,2025-09-18_23h17.36.743,Signal_Detection,2024.2.4,60.22021325609298,2025-09-18 23h18.32.937732 +0530,
91,0,91,down,1,0.402067800052464,None,2,91,0,91,0,160.0475592999719,,,,,,,,,160.0368988000555,160.0475592999719,161.04861190007068,161.04861190007068,161.46720339998137,down,1,0.402067800052464,None,2,,,,,signal_detection_001,001,2025-09-18_23h17.36.743,Signal_Detection,2024.2.4,60.22021325609298,2025-09-18 23h18.32.937732 +0530,
92,0,92,down,1,0.41369870002381504,None,3,92,0,92,0,161.48111310007516,,,,,,,,,161.46773420006502,161.48111310007516,162.48155140003655,162.48155140003655,162.90322149998974,down,1,0.41369870002381504,None,3,,,,,signal_detection_001,001,2025-09-18_23h17.36.743,Signal_Detection,2024.2.4,60.22021325609298,2025-09-18 23h18.32.937732 +0530,
93,0,93,up,0,0.6491012999322265,None,-4,93,0,93,0,162.9151181000052,,,,,,,,,162.9038208000129,162.9151181000052,163.9160508000059,163.9160508000059,164.56689819996245,up,0,0.6491012999322265,None,-4,,,,,signal_detection_001,001,2025-09-18_23h17.36.743,Signal_Detection,2024.2.4,60.22021325609298,2025-09-18 23h18.32.937732 +0530,
94,0,94,up,0,0.44829670002218336,None,-2,94,0,94,0,164.58095099998172,,,,,,,,,164.5671603999799,164.58095099998172,165.58313759998418,165.56671559996903,166.01951670006383,up,0,0.44829670002218336,None,-2,,,,,signal_detection_001,001,2025-09-18_23h17.36.743,Signal_Detection,2024.2.4,60.22021325609298,2025-09-18 23h18.32.937732 +0530,
95,0,95,up,0,0.5213450000155717,None,1,95,0,95,0,166.03283759998158,,,,,,,,,166.0197892000433,166.03283759998158,167.03271090006456,167.03271090006456,167.5679386999691,up,0,0.5213450000155717,None,1,,,,,signal_detection_001,001,2025-09-18_23h17.36.743,Signal_Detection,2024.2.4,60.22021325609298,2025-09-18 23h18.32.937732 +0530,
96,0,96,up,1,0.4967640000395477,None,0,96,0,96,0,167.5823919000104,,,,,,,,,167.5682154999813,167.5823919000104,168.58158540003933,168.58158540003933,169.083067700034,up,1,0.4967640000395477,None,0,,,,,signal_detection_001,001,2025-09-18_23h17.36.743,Signal_Detection,2024.2.4,60.22021325609298,2025-09-18 23h18.32.937732 +0530,
97,0,97,up,1,0.46220279997214675,None,0,97,0,97,0,169.09851010004058,,,,,,,,,169.08329380000941,169.09851010004058,170.09897349996027,170.08249629999045,170.54931929998565,up,1,0.46220279997214675,None,0,,,,,signal_detection_001,001,2025-09-18_23h17.36.743,Signal_Detection,2024.2.4,60.22021325609298,2025-09-18 23h18.32.937732 +0530,
98,0,98,up,0,0.41799579991493374,None,3,98,0,98,0,170.5666063000681,,,,,,,,,170.54964890005067,170.5666063000681,171.5788137000054,171.54761430004146,171.96871320006903,up,0,0.41799579991493374,None,3,,,,,signal_detection_001,001,2025-09-18_23h17.36.743,Signal_Detection,2024.2.4,60.22021325609298,2025-09-18 23h18.32.937732 +0530,
99,0,99,up,0,0.4184406000422314,None,4,99,0,99,0,171.98272480000742,,,,,,,,,171.9692134000361,171.98272480000742,172.98139119998086,172.98139119998086,173.40312350005843,up,0,0.4184406000422314,None,4,,,,,signal_detection_001,001,2025-09-18_23h17.36.743,Signal_Detection,2024.2.4,60.22021325609298,2025-09-18 23h18.32.937732 +0530,
,,,,,,,,,,,,,,,,,,,,,,,,,,,,,,,173.40331439999864,173.41505880001932,174.41515570005868,174.40067440003622,signal_detection_001,001,2025-09-18_23h17.36.743,Signal_Detection,2024.2.4,60.22021325609298,2025-09-18 23h18.32.937732 +0530,
